datetime,open,high,low,close,volume
2022-01-03 00:00:00+00:00,957.5012832397691,961.0926589203485,948.4090007206793,959.4201234867426,4399203
2022-01-04 00:00:00+00:00,959.4201234867426,966.7512284117566,939.9054386853942,957.5428917942587,4852440
2022-01-05 00:00:00+00:00,957.5428917942587,978.6733281216458,952.1510411590597,961.2525168893493,4789408
2022-01-06 00:00:00+00:00,961.2525168893493,962.4503687949276,933.0741142366564,939.7727586786689,3829432
2022-01-07 00:00:00+00:00,939.7727586786689,945.5185451914837,888.1179783460384,892.7158942625032,3564413
2022-01-10 00:00:00+00:00,892.7158942625032,909.9850248721893,877.1119704274452,878.0161561124636,3258323
2022-01-11 00:00:00+00:00,878.0161561124636,907.1161251410773,866.8954930942675,894.0461146106179,1388738
2022-01-12 00:00:00+00:00,894.0461146106179,904.0143540791335,863.9202429903411,873.0003055455651,772591
2022-01-13 00:00:00+00:00,873.0003055455651,893.6373306186586,864.0295194517364,876.3966260694644,2422345
2022-01-14 00:00:00+00:00,876.3966260694644,893.6163390932469,850.839163212374,857.9339678466254,4818049
2022-01-17 00:00:00+00:00,857.9339678466254,865.9382509926168,844.0992408550165,850.5506294124862,4856108
2022-01-18 00:00:00+00:00,850.5506294124862,896.0134631923669,846.6576713216987,881.3874413331391,2819455
2022-01-19 00:00:00+00:00,881.3874413331391,900.6427815454484,873.8663661747338,890.0865436929987,3502783
2022-01-20 00:00:00+00:00,890.0865436929987,928.7249021366425,886.982101089515,918.5016619277726,4244210
2022-01-21 00:00:00+00:00,918.5016619277726,920.4731434386275,865.1822527730691,878.003119931254,2708755
2022-01-24 00:00:00+00:00,878.003119931254,888.2014360390258,871.4116980390552,878.3942387762495,3490043
2022-01-25 00:00:00+00:00,878.3942387762495,904.5456283061949,869.7741291290034,891.2644497917,2198391
2022-01-26 00:00:00+00:00,891.2644497917,901.4935229027279,879.881914500419,897.4559180282977,4698380
2022-01-27 00:00:00+00:00,897.4559180282977,913.6716749378944,881.4852095393343,898.9826218907755,2173185
2022-01-28 00:00:00+00:00,898.9826218907755,907.7874577743459,884.0764759031493,885.726996500789,3268478
2022-01-31 00:00:00+00:00,885.726996500789,916.8420508909603,872.9684118771253,907.3880090071111,4549123
2022-02-01 00:00:00+00:00,907.3880090071111,920.5982199276027,883.1828532143209,899.6231898100451,2713191
2022-02-02 00:00:00+00:00,899.6231898100451,938.5871161569918,887.7797142465481,926.1962825887797,781467
2022-02-03 00:00:00+00:00,926.1962825887797,945.0552196658368,915.3623283472978,928.3175902750193,3594190
2022-02-04 00:00:00+00:00,928.3175902750193,959.6804311026021,915.8606057119234,948.0621226412835,1427652
2022-02-07 00:00:00+00:00,948.0621226412835,952.9931347042025,920.4320741606508,930.5090369961721,663597
2022-02-08 00:00:00+00:00,930.5090369961721,939.8320999696776,917.4893440668379,932.6152316988268,3857809
2022-02-09 00:00:00+00:00,932.6152316988268,964.3456272228052,922.1725280122322,946.7366219122728,588099
2022-02-10 00:00:00+00:00,946.7366219122728,959.3030152990673,927.5928317941292,933.1415040183759,2052511
2022-02-11 00:00:00+00:00,933.1415040183759,946.5675511628953,906.3617802192281,915.4598230610519,1761024
2022-02-14 00:00:00+00:00,915.4598230610519,922.617598366293,900.0072013613786,906.4793495022842,3994673
2022-02-15 00:00:00+00:00,906.4793495022842,908.4481504058714,883.0227870560454,898.2757243274962,3034292
2022-02-16 00:00:00+00:00,898.2757243274962,944.0024386184336,892.2882192863019,926.6847125865409,4214444
2022-02-17 00:00:00+00:00,926.6847125865409,938.4770124404561,880.6754715002461,891.7809314209229,1888933
2022-02-18 00:00:00+00:00,891.7809314209229,904.593026910959,871.9896178792147,882.0152436174835,1128369
2022-02-21 00:00:00+00:00,882.0152436174835,924.1758238977441,870.3273882904953,906.4943819165826,3171241
2022-02-22 00:00:00+00:00,906.4943819165826,918.8598263243867,890.4598995904338,904.1170876139324,2656616
2022-02-23 00:00:00+00:00,904.1170876139324,934.9894418933027,901.5294867089307,926.5541555579506,2276730
2022-02-24 00:00:00+00:00,926.5541555579506,936.2368804320179,910.7962390981228,926.7809366229117,1687467
2022-02-25 00:00:00+00:00,926.7809366229117,929.0421459765877,910.0675819048485,919.8098485993521,3696486
2022-02-28 00:00:00+00:00,919.8098485993521,951.5208185078385,915.4754650282033,948.6443969973915,1587702
2022-03-01 00:00:00+00:00,948.6443969973915,968.3510502312166,935.0520852047091,959.3683230146164,4830370
2022-03-02 00:00:00+00:00,959.3683230146164,965.2818310922137,943.8272785327223,958.5980800883609,1408576
2022-03-03 00:00:00+00:00,958.5980800883609,965.3026716350838,921.9758549399593,939.1003472335701,4399185
2022-03-04 00:00:00+00:00,939.1003472335701,944.8632912137248,921.0297130532811,935.4687801243414,4348648
2022-03-07 00:00:00+00:00,935.4687801243414,941.9130616126994,915.4477583229332,923.8136014518522,4950315
2022-03-08 00:00:00+00:00,923.8136014518522,932.2592082308207,899.7896724184315,907.0862999881244,4527654
2022-03-09 00:00:00+00:00,907.0862999881244,941.5455075797122,903.0967496412001,924.3354208983558,4370892
2022-03-10 00:00:00+00:00,924.3354208983558,930.0451430602457,900.5094436526306,906.9170416314334,3144554
2022-03-11 00:00:00+00:00,906.9170416314334,917.0082223466757,870.2023625127161,886.7238536177763,3055184
2022-03-14 00:00:00+00:00,886.7238536177763,913.58349321697,883.688073142667,904.7935061606072,3441672
2022-03-15 00:00:00+00:00,904.7935061606072,912.0447963305788,896.6511640785981,904.2387084182034,1041040
2022-03-16 00:00:00+00:00,904.2387084182034,919.9085463169963,872.1285555701264,873.409937134963,2528398
2022-03-17 00:00:00+00:00,873.409937134963,882.7478779890724,863.775954216039,880.4343071097331,3512479
2022-03-18 00:00:00+00:00,880.4343071097331,883.1043566261283,864.0012319152954,866.154988554499,2977005
2022-03-21 00:00:00+00:00,866.154988554499,878.4896035143339,853.3754033117119,865.0759950142944,4639746
2022-03-22 00:00:00+00:00,865.0759950142944,882.6583866123066,854.3062690256268,872.7497869104014,1716859
2022-03-23 00:00:00+00:00,872.7497869104014,902.2024049371072,858.0085312011153,901.2579048399159,3352982
2022-03-24 00:00:00+00:00,901.2579048399159,916.9841484078515,888.5294641337244,911.5714220455538,753532
2022-03-25 00:00:00+00:00,911.5714220455538,927.116253090383,891.0059333516836,893.4702997957423,2769259
2022-03-28 00:00:00+00:00,893.4702997957423,915.2071229361317,875.7642101880352,914.2247707087752,3643580
2022-03-29 00:00:00+00:00,914.2247707087752,917.271596631648,887.6254825578792,905.0470022464892,967868
2022-03-30 00:00:00+00:00,905.0470022464892,918.0710036347574,876.4059200533467,888.9230517037166,4249817
2022-03-31 00:00:00+00:00,888.9230517037166,904.2936829264784,873.4604986000771,897.8655502669615,3377549
2022-04-01 00:00:00+00:00,897.8655502669615,911.6922274083571,896.3507876709567,904.331926506685,4377146
2022-04-04 00:00:00+00:00,904.331926506685,905.6782486282779,876.8311545744702,882.7735273855347,1884106
2022-04-05 00:00:00+00:00,882.7735273855347,903.1723661012065,866.9511068151018,895.2703781783301,1655919
2022-04-06 00:00:00+00:00,895.2703781783301,907.3697160049256,889.1138564878296,893.3622277821191,4671311
2022-04-07 00:00:00+00:00,893.3622277821191,938.4280904149712,877.7144706001361,922.4039658647188,2417266
2022-04-08 00:00:00+00:00,922.4039658647188,926.1370150954386,890.5495098373318,899.7709601077723,3749631
2022-04-11 00:00:00+00:00,899.7709601077723,901.1348494098139,881.9814002509958,890.7252615111507,524152
2022-04-12 00:00:00+00:00,890.7252615111507,916.959850940081,883.6364201644191,908.9389189549487,1664694
2022-04-13 00:00:00+00:00,908.9389189549487,928.9031359341884,904.6129590162245,911.790501869178,784914
2022-04-14 00:00:00+00:00,911.790501869178,921.5349520352787,890.6469912849062,907.5855582366249,3932669
2022-04-15 00:00:00+00:00,907.5855582366249,927.2995092711202,890.4356256775201,915.174491930471,1540105
2022-04-18 00:00:00+00:00,915.174491930471,917.6003938739958,863.6708458797117,873.7601929176104,3543317
2022-04-19 00:00:00+00:00,873.7601929176104,880.5686862335135,866.589429849632,877.9701672891874,4764262
2022-04-20 00:00:00+00:00,877.9701672891874,890.691345100944,856.9303006387958,871.4007731846416,801580
2022-04-21 00:00:00+00:00,871.4007731846416,886.3598596686785,835.8014430520411,845.0797609749667,4498288
2022-04-22 00:00:00+00:00,845.0797609749667,868.2335589952096,832.5097425767528,853.9683902923973,832073
2022-04-25 00:00:00+00:00,853.9683902923973,856.4228409089798,836.1182618933088,848.7189451535498,3534034
2022-04-26 00:00:00+00:00,848.7189451535498,876.6631725878631,845.3479265053343,867.0990626317946,1481225
2022-04-27 00:00:00+00:00,867.0990626317946,890.7509747477161,852.2257401180356,874.8376096667297,2531806
2022-04-28 00:00:00+00:00,874.8376096667297,886.6225489686263,864.9117528114206,875.9536904817664,1297149
2022-04-29 00:00:00+00:00,875.9536904817664,888.4450500387284,860.9854476430882,876.805806993645,2949530
2022-05-02 00:00:00+00:00,876.805806993645,901.9139314016824,860.8659698338911,892.8849949929893,4923330
2022-05-03 00:00:00+00:00,892.8849949929893,907.7728218225052,859.7833593896601,866.5849922755217,857252
2022-05-04 00:00:00+00:00,866.5849922755217,892.1620880240223,851.1026291337758,889.7858503201467,3622366
2022-05-05 00:00:00+00:00,889.7858503201467,904.5214654863356,881.9191194859876,900.5692588567921,1178259
2022-05-06 00:00:00+00:00,900.5692588567921,936.8135244442229,897.4447731045399,927.4796852385537,4387342
2022-05-09 00:00:00+00:00,927.4796852385537,935.4907065427861,916.331280883457,922.3581475529365,2012818
2022-05-10 00:00:00+00:00,922.3581475529365,925.9199103540874,903.3509962150083,916.5011542675238,1777181
2022-05-11 00:00:00+00:00,916.5011542675238,928.6338540001499,888.044841184845,901.7098457414338,1574370
2022-05-12 00:00:00+00:00,901.7098457414338,920.7204191059477,895.1588379795446,914.6468759024327,3191981
2022-05-13 00:00:00+00:00,914.6468759024327,916.7412662734728,885.165690984552,902.6206462303386,2011337
2022-05-16 00:00:00+00:00,902.6206462303386,925.8498024482508,896.800035956784,914.4533144286912,4133327
2022-05-17 00:00:00+00:00,914.4533144286912,931.424979006981,900.2401639768486,920.2601703749372,1116746
2022-05-18 00:00:00+00:00,920.2601703749372,935.6524100334294,903.1848447618299,916.0787331202403,4257618
2022-05-19 00:00:00+00:00,916.0787331202403,923.9067431565464,908.8089505133358,915.4009197295729,1123069
2022-05-20 00:00:00+00:00,915.4009197295729,933.2885723755527,910.4447096284185,929.0335014557198,2404073
2022-05-23 00:00:00+00:00,929.0335014557198,937.1428566249527,912.1635506607233,926.7721929999952,4470535
2022-05-24 00:00:00+00:00,926.7721929999952,944.0365197185968,915.3306591542344,937.2142660796497,812107
2022-05-25 00:00:00+00:00,937.2142660796497,948.5063488490387,895.0033611378956,903.3921231058858,4212648
2022-05-26 00:00:00+00:00,903.3921231058858,907.8657991476636,880.7394157821448,887.1989952719244,4545322
2022-05-27 00:00:00+00:00,887.1989952719244,892.088705194576,869.1760629447834,878.7349398501115,3046717
2022-05-30 00:00:00+00:00,878.7349398501115,910.6430665005898,866.306710467696,894.2741392358505,2772517
2022-05-31 00:00:00+00:00,894.2741392358505,909.3321949095196,875.582057924344,885.9305700546561,3550600
2022-06-01 00:00:00+00:00,885.9305700546561,900.7064417435026,872.9115147508177,895.4801259784748,4216542
2022-06-02 00:00:00+00:00,895.4801259784748,896.3972508802248,871.691269075821,887.6138991196334,4694482
2022-06-03 00:00:00+00:00,887.6138991196334,896.4758714224708,864.8916244787318,871.7327590271236,4757135
2022-06-06 00:00:00+00:00,871.7327590271236,886.4051962821545,866.830443266195,867.8076516273013,1254659
2022-06-07 00:00:00+00:00,867.8076516273013,878.3691775419163,851.2259714056912,864.5454142851669,1024551
2022-06-08 00:00:00+00:00,864.5454142851669,885.7869999679734,862.5189175611907,875.2119860501705,3661507
2022-06-09 00:00:00+00:00,875.2119860501705,893.8438971944363,858.2165551677756,887.4436113651722,1572320
2022-06-10 00:00:00+00:00,887.4436113651722,912.3277897321682,877.7027072482523,901.7229333922925,3560903
2022-06-13 00:00:00+00:00,901.7229333922925,932.205374049396,886.294004547109,923.8671732065105,4315138
2022-06-14 00:00:00+00:00,923.8671732065105,933.8250077487589,916.1195620357462,926.4218834720883,4987292
2022-06-15 00:00:00+00:00,926.4218834720883,943.5939808476594,903.0093257195695,904.3805213090724,3126058
2022-06-16 00:00:00+00:00,904.3805213090724,913.5255790517648,871.4429903446198,887.0757879999509,3950697
2022-06-17 00:00:00+00:00,887.0757879999509,900.9006366708563,869.4920623798586,882.6406086450663,4521483
2022-06-20 00:00:00+00:00,882.6406086450663,907.6929705571466,877.0261851790315,902.2056029005623,528518
2022-06-21 00:00:00+00:00,902.2056029005623,911.7098908690587,874.4469945434275,887.8656629976748,3128924
2022-06-22 00:00:00+00:00,887.8656629976748,893.8783709938929,853.7397033659142,870.7462364936872,853110
2022-06-23 00:00:00+00:00,870.7462364936872,883.4274558817323,869.820594192328,877.1050521612651,4340987
2022-06-24 00:00:00+00:00,877.1050521612651,880.8030535490742,863.856593850148,869.0662375763001,3392028
2022-06-27 00:00:00+00:00,869.0662375763001,900.2398708747725,852.6090762312185,885.1535925258524,1743400
2022-06-28 00:00:00+00:00,885.1535925258524,891.8505828651853,869.5412020465275,878.3687219640996,1974431
2022-06-29 00:00:00+00:00,878.3687219640996,879.7120343714931,872.4616154996507,875.7576311740019,1126838
2022-06-30 00:00:00+00:00,875.7576311740019,878.0852468234693,862.9129437206955,875.1416007657042,3248872
2022-07-01 00:00:00+00:00,875.1416007657042,885.4154295785356,860.821563639306,872.8118757854841,4499677
2022-07-04 00:00:00+00:00,872.8118757854841,876.4967287074815,860.6062294234962,862.2777260244015,1080753
2022-07-05 00:00:00+00:00,862.2777260244015,878.1933530522928,831.469145414258,848.3317872362204,1397414
2022-07-06 00:00:00+00:00,848.3317872362204,870.6414091019403,844.2203707952424,856.3013572348374,1659042
2022-07-07 00:00:00+00:00,856.3013572348374,871.4818785608096,837.5714082341102,852.3180107481919,1586747
2022-07-08 00:00:00+00:00,852.3180107481919,861.1174573630918,847.7784964982981,851.2922772570638,4696699
2022-07-11 00:00:00+00:00,851.2922772570638,856.5883468318117,829.95067195203,831.2154011306842,2865069
2022-07-12 00:00:00+00:00,831.2154011306842,835.5834604724739,821.0384095322885,830.7908970612623,1756420
2022-07-13 00:00:00+00:00,830.7908970612623,847.6278654060322,817.9678881348522,837.0674362297592,817289
2022-07-14 00:00:00+00:00,837.0674362297592,860.9660503362679,835.8394091690428,847.1114945998307,4287563
2022-07-15 00:00:00+00:00,847.1114945998307,876.8315739412953,830.361646149723,875.1955378543876,3332225
2022-07-18 00:00:00+00:00,875.1955378543876,882.9989758610117,854.5223490353683,869.4042790033766,2158523
2022-07-19 00:00:00+00:00,869.4042790033766,880.3856802353392,857.651781056634,869.0290313329499,922916
2022-07-20 00:00:00+00:00,869.0290313329499,885.4023545958744,836.3655701966633,852.3163128433706,4997957
2022-07-21 00:00:00+00:00,852.3163128433706,859.9112976946933,821.8462139404476,830.0441631955325,2913434
2022-07-22 00:00:00+00:00,830.0441631955325,852.9344805052356,815.5302357401649,843.2401221011052,2278619
2022-07-25 00:00:00+00:00,843.2401221011052,857.9954374578725,814.0295286896938,823.3727102151581,4196689
2022-07-26 00:00:00+00:00,823.3727102151581,833.6788882230364,809.5607013685699,827.2189599496882,2561926
2022-07-27 00:00:00+00:00,827.2189599496882,854.6626156811652,815.1594257050467,838.6448656933937,791405
2022-07-28 00:00:00+00:00,838.6448656933937,876.0409116674032,836.6338117207347,864.5441836475778,2427999
2022-07-29 00:00:00+00:00,864.5441836475778,882.4916438435309,855.6749874093427,877.9548589658781,3634973
2022-08-01 00:00:00+00:00,877.9548589658781,905.0649946331513,865.6592704358034,894.596222185385,816215
2022-08-02 00:00:00+00:00,894.596222185385,914.7824008861726,888.524316377224,906.2918825534472,4062451
2022-08-03 00:00:00+00:00,906.2918825534472,927.2961546835387,896.7343423750717,924.1650220718547,4204120
2022-08-04 00:00:00+00:00,924.1650220718547,927.2681785854563,912.2527572352669,913.9851638385063,570042
2022-08-05 00:00:00+00:00,913.9851638385063,958.4365892286663,903.7043828899658,949.4909636538629,2420539
2022-08-08 00:00:00+00:00,949.4909636538629,953.5921344730134,937.9665066493636,940.7680710087949,4848328
2022-08-09 00:00:00+00:00,940.7680710087949,947.6283861073383,925.5453838518201,931.3609237304237,4111244
2022-08-10 00:00:00+00:00,931.3609237304237,965.541369919304,930.0474139742329,953.9591085853244,1922970
2022-08-11 00:00:00+00:00,953.9591085853244,1009.3065506330498,942.0363320682493,993.6004357040848,4786035
2022-08-12 00:00:00+00:00,993.6004357040848,1019.2346032045101,991.3624216873342,1009.5554337868974,2948084
2022-08-15 00:00:00+00:00,1009.5554337868974,1037.6483480245072,990.1165199060862,1025.535616063725,1562595
2022-08-16 00:00:00+00:00,1025.535616063725,1027.7447697389443,1006.7151749098514,1015.8141640790063,4954784
2022-08-17 00:00:00+00:00,1015.8141640790063,1016.9465128206839,1001.0864673776639,1011.747768825806,4295661
2022-08-18 00:00:00+00:00,1011.747768825806,1020.8566972498417,993.5095931881548,995.1302971138957,4967938
2022-08-19 00:00:00+00:00,995.1302971138957,1011.2078880764307,964.0123979573774,982.6618922725921,4771371
2022-08-22 00:00:00+00:00,982.6618922725921,1026.3923795085673,977.6524664679702,1013.3523810022685,2720049
2022-08-23 00:00:00+00:00,1013.3523810022685,1028.2160951463165,974.1935902016893,989.9361648211266,3335310
2022-08-24 00:00:00+00:00,989.9361648211266,1022.4880980962453,982.4027091170381,1006.1439239514783,3609899
2022-08-25 00:00:00+00:00,1006.1439239514783,1030.0116713164934,995.565708465984,1027.6504382254486,1167046
2022-08-26 00:00:00+00:00,1027.6504382254486,1029.5383465227042,1018.515499738709,1025.3207905698766,4924675
2022-08-29 00:00:00+00:00,1025.3207905698766,1049.111866252204,1017.1737255185542,1029.916972095757,1361771
2022-08-30 00:00:00+00:00,1029.916972095757,1041.402642733542,951.94159806345,966.8368468843224,2009071
2022-08-31 00:00:00+00:00,966.8368468843224,979.7059536370252,957.5406705211958,970.7992210086272,1960056
2022-09-01 00:00:00+00:00,970.7992210086272,974.4544356126094,953.1533996339448,956.1849486016985,894428
2022-09-02 00:00:00+00:00,956.1849486016985,965.3913789724628,902.9494015502783,919.4841772223102,2927192
2022-09-05 00:00:00+00:00,919.4841772223102,933.3570900214188,913.616672727713,927.2043168668713,4417599
2022-09-06 00:00:00+00:00,927.2043168668713,932.5544268831878,902.8284136021222,913.5046371965586,1819509
2022-09-07 00:00:00+00:00,913.5046371965586,927.4294295496201,898.3587517783411,911.6462442143718,516000
2022-09-08 00:00:00+00:00,911.6462442143718,913.1194792520889,903.8447467558552,911.0259334556257,4703350
2022-09-09 00:00:00+00:00,911.0259334556257,931.323400723696,901.1376455848692,921.8847600893305,4264722
2022-09-12 00:00:00+00:00,921.8847600893305,931.8467410226823,902.9772739163093,918.5507886579336,1196107
2022-09-13 00:00:00+00:00,918.5507886579336,928.9533003831672,902.757530170418,913.6108858495877,4619512
2022-09-14 00:00:00+00:00,913.6108858495877,927.7860180929533,897.4291667665618,906.540112989413,4574707
2022-09-15 00:00:00+00:00,906.540112989413,916.7950536773941,890.9282387982648,903.4433522533532,1534815
2022-09-16 00:00:00+00:00,903.4433522533532,930.2020291095399,896.195367072924,918.1656781013874,4458561
2022-09-19 00:00:00+00:00,918.1656781013874,948.3266066146743,905.488089943067,932.1569951147071,3655045
2022-09-20 00:00:00+00:00,932.1569951147071,941.0257529871486,922.0790065052759,924.7392384055875,2276211
2022-09-21 00:00:00+00:00,924.7392384055875,938.6237963461182,911.491244001531,924.3559584127954,4177115
2022-09-22 00:00:00+00:00,924.3559584127954,939.0139353979343,906.9678927848418,920.8111092210797,4357129
2022-09-23 00:00:00+00:00,920.8111092210797,924.4969668305276,886.9654422948796,902.7195249693636,2423473
2022-09-26 00:00:00+00:00,902.7195249693636,945.809586218026,894.2401265756979,936.3836415166403,2030946
2022-09-27 00:00:00+00:00,936.3836415166403,952.6216500221964,919.5588428590397,924.5044367713308,3321176
2022-09-28 00:00:00+00:00,924.5044367713308,944.7729667002658,914.5569101301165,934.6296655564497,4259826
2022-09-29 00:00:00+00:00,934.6296655564497,949.3423409209684,932.8538568240282,936.2826178739582,1666423
2022-09-30 00:00:00+00:00,936.2826178739582,970.5671236712948,931.7645815645313,953.0268501114264,2519242
2022-10-03 00:00:00+00:00,953.0268501114264,959.5148089191631,903.7174773854182,914.3479877458103,1223889
2022-10-04 00:00:00+00:00,914.3479877458103,943.6459223415618,910.1664584629843,926.2768583574937,2494751
2022-10-05 00:00:00+00:00,926.2768583574937,952.297035318704,917.2952299029346,935.596441044361,514266
2022-10-06 00:00:00+00:00,935.596441044361,949.2524663065606,884.2586267926159,893.345210970241,2623929
2022-10-07 00:00:00+00:00,893.345210970241,906.7351989134881,888.7869736975715,897.9750358881538,3131725
2022-10-10 00:00:00+00:00,897.9750358881538,920.0428185580763,888.04047185774,908.27279088275,2723404
2022-10-11 00:00:00+00:00,908.27279088275,913.5007155706135,874.7827419105641,889.8260661485126,1038455
2022-10-12 00:00:00+00:00,889.8260661485126,891.068734401759,877.3730917641778,882.1734187501,4148444
2022-10-13 00:00:00+00:00,882.1734187501,896.1979920878215,861.5623542296722,879.0201652307701,4171611
2022-10-14 00:00:00+00:00,879.0201652307701,891.8189537746736,858.4187146297521,867.0031986738863,1120122
2022-10-17 00:00:00+00:00,867.0031986738863,877.4592927488733,846.2433264621866,862.0434492323227,2806456
2022-10-18 00:00:00+00:00,862.0434492323227,898.1552498090957,856.9267222927867,889.2748421526176,4812800
2022-10-19 00:00:00+00:00,889.2748421526176,903.9737947320527,871.5812295835422,898.9056389408325,4057268
2022-10-20 00:00:00+00:00,898.9056389408325,905.4284775591603,889.3296802662566,903.2622053126609,3077336
2022-10-21 00:00:00+00:00,903.2622053126609,933.744789146729,900.7808623233929,917.307774339475,1609135
2022-10-24 00:00:00+00:00,917.307774339475,923.3869398832139,898.6099297532976,904.8143625045539,4334485
2022-10-25 00:00:00+00:00,904.8143625045539,907.2772461396072,872.3455159228499,882.4016272749452,920275
2022-10-26 00:00:00+00:00,882.4016272749452,896.3975139750477,863.8637964098109,877.1568573921298,4960853
2022-10-27 00:00:00+00:00,877.1568573921298,882.1164362040213,866.4039555525713,880.3289718803161,3152009
2022-10-28 00:00:00+00:00,880.3289718803161,889.3032724839125,871.2098229644968,884.6396012474181,4905710
2022-10-31 00:00:00+00:00,884.6396012474181,889.563986439417,868.650781696354,877.8992012733407,4577203
2022-11-01 00:00:00+00:00,877.8992012733407,886.3466282647394,844.2561030061553,850.8026156262484,3983420
2022-11-02 00:00:00+00:00,850.8026156262484,860.9452214853429,836.7276893942975,857.0064624663364,2355516
2022-11-03 00:00:00+00:00,857.0064624663364,864.8196779645018,829.1266435911361,844.0239781016331,1470233
2022-11-04 00:00:00+00:00,844.0239781016331,860.8784966220032,820.2865628113218,833.429084905433,3441359
2022-11-07 00:00:00+00:00,833.429084905433,854.7992810903824,826.5514413325164,845.3517660678605,3716239
2022-11-08 00:00:00+00:00,845.3517660678605,857.6660713364814,835.3408294215222,845.3124772200933,2774181
2022-11-09 00:00:00+00:00,845.3124772200933,873.2965502483306,836.1244464356577,869.2026271705583,4385853
2022-11-10 00:00:00+00:00,869.2026271705583,879.482441579179,859.5917384360896,867.3946284848369,3398310
2022-11-11 00:00:00+00:00,867.3946284848369,879.1374330192737,859.5423742104273,866.2908363546604,622408
2022-11-14 00:00:00+00:00,866.2908363546604,869.5681887861109,854.1056371958649,862.5556101366838,4094995
2022-11-15 00:00:00+00:00,862.5556101366838,874.0298798156547,845.8127561465614,863.2553983121041,1439754
2022-11-16 00:00:00+00:00,863.2553983121041,871.9039538002103,856.7050174413472,858.4730027465885,771909
2022-11-17 00:00:00+00:00,858.4730027465885,861.0745175362729,848.4212881824452,857.4974321072887,4553532
2022-11-18 00:00:00+00:00,857.4974321072887,872.6047505197755,836.7110087945107,852.1101194207669,3867286
2022-11-21 00:00:00+00:00,852.1101194207669,874.9089686315455,846.2410594500875,859.0912944778984,2994838
2022-11-22 00:00:00+00:00,859.0912944778984,882.2640337344543,851.1395768062852,870.9645392744607,4521730
2022-11-23 00:00:00+00:00,870.9645392744607,876.6860959201067,848.9741593613336,864.6975917593852,4727924
2022-11-24 00:00:00+00:00,864.6975917593852,876.8468717817908,842.1062288301197,859.2625304624478,4020848
2022-11-25 00:00:00+00:00,859.2625304624478,873.5838147840083,851.8427257321874,867.6254624610563,2293504
2022-11-28 00:00:00+00:00,867.6254624610563,904.6396230372908,853.5535720485536,892.9375812660757,4774901
2022-11-29 00:00:00+00:00,892.9375812660757,904.042341951869,878.5896467190901,882.1889949489126,4564564
2022-11-30 00:00:00+00:00,882.1889949489126,886.724353347169,869.9451648941831,880.1757620617353,2191416
2022-12-01 00:00:00+00:00,880.1757620617353,889.2375631908199,869.6845609908812,885.6072781422498,1659276
2022-12-02 00:00:00+00:00,885.6072781422498,938.194700177491,872.3299677550951,924.5599000441595,2535170
2022-12-05 00:00:00+00:00,924.5599000441595,942.6749120000945,907.6851379072607,910.0495571917754,4579983
2022-12-06 00:00:00+00:00,910.0495571917754,959.8229565096435,895.3137944203928,942.9745209985596,3841753
2022-12-07 00:00:00+00:00,942.9745209985596,963.5620409903987,931.2904836258742,960.0533842575059,2321125
2022-12-08 00:00:00+00:00,960.0533842575059,973.2285447619238,949.1250802146158,965.6577616206257,1367914
2022-12-09 00:00:00+00:00,965.6577616206257,971.8855918784925,930.4248598006711,936.2971786733432,4708579
2022-12-12 00:00:00+00:00,936.2971786733432,947.9544088102764,923.1605775848243,924.4222135312917,1509553
2022-12-13 00:00:00+00:00,924.4222135312917,930.2198925636347,917.5944457383716,921.3568449342658,2524805
2022-12-14 00:00:00+00:00,921.3568449342658,948.9579708200908,904.6087410939957,937.5209845603329,2503454
2022-12-15 00:00:00+00:00,937.5209845603329,948.8461292223698,914.4972742926334,933.1377721597435,2482614
2022-12-16 00:00:00+00:00,933.1377721597435,953.8789751830798,924.7701222860696,943.6479081996539,2956606
2022-12-19 00:00:00+00:00,943.6479081996539,963.1126375138953,934.4735784055576,947.5994996175938,4246952
2022-12-20 00:00:00+00:00,947.5994996175938,958.8551627962557,928.3969806189594,940.138911922915,3701520
2022-12-21 00:00:00+00:00,940.138911922915,965.9158361146035,930.1443712903987,947.3546637013451,4685498
2022-12-22 00:00:00+00:00,947.3546637013451,970.0088491345349,946.3880633989639,956.7982519815565,1922139
2022-12-23 00:00:00+00:00,956.7982519815565,972.8600078302479,937.6166569494018,943.4802101928705,2166892
2022-12-26 00:00:00+00:00,943.4802101928705,955.20382061115,926.8262320790426,945.8948956219124,2684332
2022-12-27 00:00:00+00:00,945.8948956219124,980.7416870856554,943.2651902222296,978.3433592977209,1024972
2022-12-28 00:00:00+00:00,978.3433592977209,1007.6201917759715,964.0657284855375,996.1289995373417,1917716
2022-12-29 00:00:00+00:00,996.1289995373417,1044.433689657225,989.8578306188411,1029.679927176475,3913562
2022-12-30 00:00:00+00:00,1029.679927176475,1036.101229183563,1015.3554386011468,1031.9096320697786,2013708
2023-01-02 00:00:00+00:00,1031.9096320697786,1034.4059079867536,1021.7295879880803,1023.3843790135674,3921797
2023-01-03 00:00:00+00:00,1023.3843790135674,1037.6486985759602,1005.6014270858983,1009.070060699651,637355
2023-01-04 00:00:00+00:00,1009.070060699651,1021.2337084722716,994.813857985694,999.7668426746351,4882277
2023-01-05 00:00:00+00:00,999.7668426746351,1053.7270817187975,979.7872705998853,1045.1987089270926,4129657
2023-01-06 00:00:00+00:00,1045.1987089270926,1047.3763159053171,1004.3393984780301,1022.4634343717521,2434514
2023-01-09 00:00:00+00:00,1022.4634343717521,1040.3892849164067,986.5723397640137,999.9687337502052,3437426
2023-01-10 00:00:00+00:00,999.9687337502052,1018.5763351582474,959.0727625212962,969.9766323465593,2593830
2023-01-11 00:00:00+00:00,969.9766323465593,976.9354023008851,952.3992278991939,970.2189580142182,3270955
2023-01-12 00:00:00+00:00,970.2189580142182,974.2629525994017,957.4651972901637,970.2738477253466,2409506
2023-01-13 00:00:00+00:00,970.2738477253466,986.5335965099426,958.8448452408105,967.2194513334782,2537462
2023-01-16 00:00:00+00:00,967.2194513334782,974.606184928464,954.9831891110056,973.4414385160176,2553403
2023-01-17 00:00:00+00:00,973.4414385160176,986.1455788116016,955.5334081430078,974.4570344421571,3487957
2023-01-18 00:00:00+00:00,974.4570344421571,981.0691461040689,939.4891366280548,954.550557809436,2894919
2023-01-19 00:00:00+00:00,954.550557809436,961.7803644589657,942.6267676604298,951.13228021209,1519785
2023-01-20 00:00:00+00:00,951.13228021209,974.8604221796351,942.3466518643946,973.63839887764,1314168
2023-01-23 00:00:00+00:00,973.63839887764,985.512664529505,953.6118566503454,961.4707968912786,2319312
2023-01-24 00:00:00+00:00,961.4707968912786,978.1310818638889,953.726588417276,974.8967605542402,1692374
2023-01-25 00:00:00+00:00,974.8967605542402,982.0484009079156,964.2032283745602,970.0783230540524,785488
2023-01-26 00:00:00+00:00,970.0783230540524,985.3559916173763,962.7391777279023,982.6977114965277,2337248
2023-01-27 00:00:00+00:00,982.6977114965277,994.3756467717525,963.2266577671717,985.5986398918519,679818
2023-01-30 00:00:00+00:00,985.5986398918519,998.298713576823,975.8482980611225,979.3322645071751,1701604
2023-01-31 00:00:00+00:00,979.3322645071751,985.7682588565539,966.906674545046,974.2561811983586,528556
2023-02-01 00:00:00+00:00,974.2561811983586,983.3403677008841,958.990405024195,978.6343716937871,1619772
2023-02-02 00:00:00+00:00,978.6343716937871,990.5367712203472,974.7379477843767,984.6601900878975,2477505
2023-02-03 00:00:00+00:00,984.6601900878975,1017.0931026311619,980.2717958263868,1003.450087559789,4641920
2023-02-06 00:00:00+00:00,1003.450087559789,1016.2039483555794,963.3328206654328,974.7537542273991,4806492
2023-02-07 00:00:00+00:00,974.7537542273991,984.9030001120464,968.5989371908446,974.8530744677591,3386194
2023-02-08 00:00:00+00:00,974.8530744677591,985.777635362322,973.1271735227922,974.4796257578258,992879
2023-02-09 00:00:00+00:00,974.4796257578258,982.5821249467427,962.5234515150729,975.9107988449417,1346732
2023-02-10 00:00:00+00:00,975.9107988449417,981.1701443603829,951.651184507177,959.0511693896862,3626973
2023-02-13 00:00:00+00:00,959.0511693896862,967.2755252548428,935.8536523599921,942.8203952198393,3478430
2023-02-14 00:00:00+00:00,942.8203952198393,955.6529085290882,934.7169095558484,950.829144843159,912479
2023-02-15 00:00:00+00:00,950.829144843159,964.0569232215767,933.3398585936048,954.6984572155601,1202515
2023-02-16 00:00:00+00:00,954.6984572155601,981.140084699246,938.8282437036997,971.503439685959,3721991
2023-02-17 00:00:00+00:00,971.503439685959,973.8236978855126,921.0154465352116,930.43887836125,3631770
2023-02-20 00:00:00+00:00,930.43887836125,969.5036275771691,913.0710845695563,950.7410123098451,4811470
2023-02-21 00:00:00+00:00,950.7410123098451,954.2489075960706,932.6122774663737,953.2577708903198,1138525
2023-02-22 00:00:00+00:00,953.2577708903198,980.2153722282392,936.6638681302031,964.2538478357956,3361431
2023-02-23 00:00:00+00:00,964.2538478357956,995.5305095530335,949.290578398332,985.1159461347305,3846062
2023-02-24 00:00:00+00:00,985.1159461347305,1009.7610571479206,972.1856757334144,1001.5726490200544,1065042
2023-02-27 00:00:00+00:00,1001.5726490200544,1016.7734649037437,978.2977768783028,997.4242445054051,628375
2023-02-28 00:00:00+00:00,997.4242445054051,1007.5575145119955,988.0697175314244,992.4204789384042,4537314
2023-03-01 00:00:00+00:00,992.4204789384042,1005.6338962640986,983.2431142358362,999.7754008199473,3816847
2023-03-02 00:00:00+00:00,999.7754008199473,1021.1632097900542,996.1641011199607,1004.0778157735862,2055946
2023-03-03 00:00:00+00:00,1004.0778157735862,1030.7739754494871,987.093168493884,1023.8990721554876,3129905
2023-03-06 00:00:00+00:00,1023.8990721554876,1025.5877851307202,964.8306757918048,980.1305151794833,1819984
2023-03-07 00:00:00+00:00,980.1305151794833,997.4829495489961,974.6021284378623,984.1284159487436,1624086
2023-03-08 00:00:00+00:00,984.1284159487436,1028.3594623737013,967.8987763757871,1012.4929543300711,883653
2023-03-09 00:00:00+00:00,1012.4929543300711,1041.6682768745643,1002.3367081183146,1026.8396149597102,4264937
2023-03-10 00:00:00+00:00,1026.8396149597102,1037.3240220461778,1019.7175663542824,1031.6404785474253,2772643
2023-03-13 00:00:00+00:00,1031.6404785474253,1061.7847211213273,1023.6779432690039,1050.8806902909566,3260822
2023-03-14 00:00:00+00:00,1050.8806902909566,1063.6111138204228,1024.340153698465,1030.7006864748323,2070909
2023-03-15 00:00:00+00:00,1030.7006864748323,1042.4049153986016,1014.5504116898417,1032.0943629040744,971815
2023-03-16 00:00:00+00:00,1032.0943629040744,1058.9805407946994,1028.9009491168033,1043.3436613965564,4235626
2023-03-17 00:00:00+00:00,1043.3436613965564,1068.3303574934366,1030.4745687247837,1066.9551682563504,3168637
2023-03-20 00:00:00+00:00,1066.9551682563504,1073.1431483545489,1049.2141392396898,1064.2006624698454,604180
2023-03-21 00:00:00+00:00,1064.2006624698454,1084.7232644586143,1044.3603479679703,1058.5193320834794,4937338
2023-03-22 00:00:00+00:00,1058.5193320834794,1060.4034311356256,1047.4024831997465,1052.2902689959174,1738386
2023-03-23 00:00:00+00:00,1052.2902689959174,1062.7191285470299,1050.4531733740848,1054.0977084653898,1573451
2023-03-24 00:00:00+00:00,1054.0977084653898,1058.293972304885,1016.712967283356,1036.7127669737831,4443330
2023-03-27 00:00:00+00:00,1036.7127669737831,1060.2914534005654,1031.9493994479544,1045.4617637240412,2763951
2023-03-28 00:00:00+00:00,1045.4617637240412,1076.1602120985738,1026.3277642338667,1059.3581074461138,2081702
2023-03-29 00:00:00+00:00,1059.3581074461138,1088.8782606690725,1054.8811250821163,1082.9486510347722,4559918
2023-03-30 00:00:00+00:00,1082.9486510347722,1129.3308506347516,1067.508767061892,1112.7803445136904,4017551
2023-03-31 00:00:00+00:00,1112.7803445136904,1115.8077419613785,1071.1667455601582,1089.4558212529857,4152769
2023-04-03 00:00:00+00:00,1089.4558212529857,1107.2113532098542,1078.3306735824763,1106.014367202064,4631833
2023-04-04 00:00:00+00:00,1106.014367202064,1111.339604662282,1074.3366885531098,1088.5510303019857,1381315
2023-04-05 00:00:00+00:00,1088.5510303019857,1099.113548048408,1055.0180446130446,1073.6943424540586,3016801
2023-04-06 00:00:00+00:00,1073.6943424540586,1101.035144750926,1054.8225689765175,1086.3090317796002,4096653
2023-04-07 00:00:00+00:00,1086.3090317796002,1096.4672982643879,1064.6658342182457,1083.4826842459927,3905373
2023-04-10 00:00:00+00:00,1083.4826842459927,1115.3800247168392,1074.271188127748,1111.4732918490831,2126001
2023-04-11 00:00:00+00:00,1111.4732918490831,1113.1790620775591,1086.362832956783,1105.9126065515356,3348589
2023-04-12 00:00:00+00:00,1105.9126065515356,1141.8531865044172,1098.780788044868,1125.8589052017826,4909625
2023-04-13 00:00:00+00:00,1125.8589052017826,1145.5522853028194,1121.9306130196865,1136.6271957805554,2391909
2023-04-14 00:00:00+00:00,1136.6271957805554,1175.9838544319732,1125.7684093088963,1165.5152936200989,2557253
2023-04-17 00:00:00+00:00,1165.5152936200989,1177.650212820363,1144.4600685928083,1170.9286008915853,679984
2023-04-18 00:00:00+00:00,1170.9286008915853,1190.495851729579,1156.6282891776714,1175.1940790240956,1199047
2023-04-19 00:00:00+00:00,1175.1940790240956,1181.1119625021431,1154.6126590357235,1156.776899580798,961223
2023-04-20 00:00:00+00:00,1156.776899580798,1169.8814299835533,1136.1874094401223,1148.1007645380741,1042776
2023-04-21 00:00:00+00:00,1148.1007645380741,1164.7530424559206,1139.8151356363178,1143.4787009259803,3326565
2023-04-24 00:00:00+00:00,1143.4787009259803,1149.5960629341018,1095.9617580540096,1111.6560903662482,1103946
2023-04-25 00:00:00+00:00,1111.6560903662482,1123.8663820720844,1092.155213604374,1105.7642547899532,2085164
2023-04-26 00:00:00+00:00,1105.7642547899532,1120.699612534003,1082.0987030456665,1090.4276557042656,2807354
2023-04-27 00:00:00+00:00,1090.4276557042656,1108.1255100114251,1077.4432741753324,1090.050051824822,1783796
2023-04-28 00:00:00+00:00,1090.050051824822,1109.9487219494245,1080.8896176973528,1085.2128641463662,4179997
2023-05-01 00:00:00+00:00,1085.2128641463662,1139.2482493333057,1063.9738575519905,1125.4626158578412,4605600
2023-05-02 00:00:00+00:00,1125.4626158578412,1138.6107663552266,1092.81148191305,1104.7811436071615,3032420
2023-05-03 00:00:00+00:00,1104.7811436071615,1122.371848385638,1067.7024143709657,1079.0869146472735,3389911
2023-05-04 00:00:00+00:00,1079.0869146472735,1084.9115231140286,1043.9437153001868,1050.4672306659277,4849914
2023-05-05 00:00:00+00:00,1050.4672306659277,1060.821474474714,1036.061486402629,1047.3349637070785,4249868
2023-05-08 00:00:00+00:00,1047.3349637070785,1067.0391902224121,1028.3500136590324,1060.4868841420382,2258198
2023-05-09 00:00:00+00:00,1060.4868841420382,1073.9454392375146,1051.8399454621429,1068.2090489734937,873730
2023-05-10 00:00:00+00:00,1068.2090489734937,1091.6698384923782,1058.0784488718589,1075.4530898691899,653123
2023-05-11 00:00:00+00:00,1075.4530898691899,1123.8695642009425,1067.7764404036736,1122.1735404489486,1438956
2023-05-12 00:00:00+00:00,1122.1735404489486,1164.4828893799283,1115.6690034657431,1153.0901850351243,4622397
2023-05-15 00:00:00+00:00,1153.0901850351243,1200.996116123695,1133.8948874619505,1186.8152822767315,1855605
2023-05-16 00:00:00+00:00,1186.8152822767315,1208.1218117533065,1165.8714768733178,1192.3569842360873,2926052
2023-05-17 00:00:00+00:00,1192.3569842360873,1221.214232060611,1176.2127196998135,1201.009519483701,3664413
2023-05-18 00:00:00+00:00,1201.009519483701,1254.107313387063,1181.575292870828,1234.1574824011889,1745542
2023-05-19 00:00:00+00:00,1234.1574824011889,1239.6827492758978,1208.3910768139235,1224.8429715316734,4133238
2023-05-22 00:00:00+00:00,1224.8429715316734,1242.900231503776,1205.9658895170915,1235.1247067089591,1803249
2023-05-23 00:00:00+00:00,1235.1247067089591,1254.6137635181028,1189.197348189489,1193.805967212197,2791825
2023-05-24 00:00:00+00:00,1193.805967212197,1217.512323175319,1153.0705977846899,1161.70459651744,2877744
2023-05-25 00:00:00+00:00,1161.70459651744,1167.3357791434128,1140.4681965752366,1155.6310173791394,3862540
2023-05-26 00:00:00+00:00,1155.6310173791394,1198.5252413737112,1139.2094284999419,1175.3532430755365,3632211
2023-05-29 00:00:00+00:00,1175.3532430755365,1180.3032790401392,1129.005585332431,1149.9148554232552,3340251
2023-05-30 00:00:00+00:00,1149.9148554232552,1176.902665699619,1139.3962199781133,1164.444379093677,4403628
2023-05-31 00:00:00+00:00,1164.444379093677,1179.0724110065041,1144.5233278869837,1175.1671950969978,2452684
2023-06-01 00:00:00+00:00,1175.1671950969978,1193.2142529979799,1148.8500627995556,1156.90343315643,2866287
2023-06-02 00:00:00+00:00,1156.90343315643,1162.5265601491542,1150.0227879066501,1156.4504840061,4728455
2023-06-05 00:00:00+00:00,1156.4504840061,1192.1079499457971,1136.4709704906143,1182.203420388575,4921654
2023-06-06 00:00:00+00:00,1182.203420388575,1226.1764957431983,1169.5698067933508,1220.0322189577078,4959282
2023-06-07 00:00:00+00:00,1220.0322189577078,1238.4892923580069,1212.5971424393836,1232.6533079645112,618974
2023-06-08 00:00:00+00:00,1232.6533079645112,1255.2647448779935,1227.9680426069567,1251.7279389956645,3407916
2023-06-09 00:00:00+00:00,1251.7279389956645,1255.1863309487871,1199.301063049572,1210.005014840533,4053318
2023-06-12 00:00:00+00:00,1210.005014840533,1233.6046372527062,1202.6182276308898,1209.562469728294,970286
2023-06-13 00:00:00+00:00,1209.562469728294,1229.3103310058964,1195.9153478441003,1197.2811877705367,4804752
2023-06-14 00:00:00+00:00,1197.2811877705367,1218.737592591379,1180.4464234905424,1202.5403404858396,3026877
2023-06-15 00:00:00+00:00,1202.5403404858396,1235.1523783829684,1193.7493179981802,1220.9304158423113,605575
2023-06-16 00:00:00+00:00,1220.9304158423113,1226.1073788892268,1194.1777435314755,1198.2583651273937,3602219
2023-06-19 00:00:00+00:00,1198.2583651273937,1222.4262180555015,1196.8875562558278,1217.992442220124,2782940
2023-06-20 00:00:00+00:00,1217.992442220124,1238.9406420477144,1185.764606232661,1196.9555671260096,3296200
2023-06-21 00:00:00+00:00,1196.9555671260096,1217.3197025016423,1148.0670453828961,1155.9694068726642,3612314
2023-06-22 00:00:00+00:00,1155.9694068726642,1181.807511227954,1147.6061663823264,1174.5831023553676,2503787
2023-06-23 00:00:00+00:00,1174.5831023553676,1215.3246108979054,1164.1208955379798,1206.908138956307,4440903
2023-06-26 00:00:00+00:00,1206.908138956307,1239.2621906117708,1192.8203090249815,1235.5310606348712,2600546
2023-06-27 00:00:00+00:00,1235.5310606348712,1240.4377690102622,1213.6631038014598,1224.2053718210025,3354216
2023-06-28 00:00:00+00:00,1224.2053718210025,1250.2972711638115,1213.2518925164359,1235.5461751836729,3882472
2023-06-29 00:00:00+00:00,1235.5461751836729,1241.412276709709,1193.8903409114282,1205.8436615233134,3403066
2023-06-30 00:00:00+00:00,1205.8436615233134,1214.22163468537,1188.1753511371223,1209.1735810460473,4665951
2023-07-03 00:00:00+00:00,1209.1735810460473,1256.6582079284576,1193.4713534374375,1239.557349718676,997574
2023-07-04 00:00:00+00:00,1239.557349718676,1304.9058693053678,1228.112396979045,1283.1145464314363,1070618
2023-07-05 00:00:00+00:00,1283.1145464314363,1289.848624590552,1251.7916060504865,1254.4139612418105,1713473
2023-07-06 00:00:00+00:00,1254.4139612418105,1264.2043253723498,1234.8979795225266,1251.3686391638741,3243891
2023-07-07 00:00:00+00:00,1251.3686391638741,1273.1973358395833,1226.402416073542,1255.1636368619465,2801084
2023-07-10 00:00:00+00:00,1255.1636368619465,1270.9686927997489,1238.4260992881213,1263.8822062714773,3250149
2023-07-11 00:00:00+00:00,1263.8822062714773,1293.1083972816343,1249.987190559651,1283.7792879644014,4989245
2023-07-12 00:00:00+00:00,1283.7792879644014,1287.0269941094643,1253.1241566239667,1266.350718975995,1066273
2023-07-13 00:00:00+00:00,1266.350718975995,1287.6896055295563,1257.6519382033243,1273.2324594482643,3165955
2023-07-14 00:00:00+00:00,1273.2324594482643,1297.4887620695595,1231.3489087334385,1252.3177567427028,591249
2023-07-17 00:00:00+00:00,1252.3177567427028,1310.8786750555723,1239.164244476697,1298.4838818496735,4275553
2023-07-18 00:00:00+00:00,1298.4838818496735,1317.681580797678,1234.9657561149816,1258.691835512612,1365574
2023-07-19 00:00:00+00:00,1258.691835512612,1278.2962732089316,1198.264483740589,1212.8605102137371,750342
2023-07-20 00:00:00+00:00,1212.8605102137371,1214.57674497777,1175.9690058488452,1185.048459465957,4208720
2023-07-21 00:00:00+00:00,1185.048459465957,1196.1503659953262,1156.7462933669053,1174.9446906355226,3238325
2023-07-24 00:00:00+00:00,1174.9446906355226,1182.1404097355453,1157.9162343056435,1178.244502026243,3650034
2023-07-25 00:00:00+00:00,1178.244502026243,1196.2850340923271,1168.795941212051,1188.8464558655423,4471745
2023-07-26 00:00:00+00:00,1188.8464558655423,1210.968372384921,1181.86608545554,1190.062301541441,4181509
2023-07-27 00:00:00+00:00,1190.062301541441,1203.5131838762563,1173.0078614759948,1198.836522060188,1473789
2023-07-28 00:00:00+00:00,1198.836522060188,1227.2221054393494,1178.8621747369464,1206.427270201519,2771533
2023-07-31 00:00:00+00:00,1206.427270201519,1208.2063743838753,1148.9398028823941,1165.844296343405,586659
2023-08-01 00:00:00+00:00,1165.844296343405,1176.8180045815227,1120.7562056316876,1142.709113712988,1640766
2023-08-02 00:00:00+00:00,1142.709113712988,1158.6021655851507,1133.4634916050063,1146.1945854387632,4053533
2023-08-03 00:00:00+00:00,1146.1945854387632,1147.8761572110045,1113.7557528471727,1130.5226737304904,4943282
2023-08-04 00:00:00+00:00,1130.5226737304904,1151.036834501175,1106.4228309404352,1122.2930457556272,1377553
2023-08-07 00:00:00+00:00,1122.2930457556272,1136.3275037435826,1120.1114648698624,1121.743034887931,4983312
2023-08-08 00:00:00+00:00,1121.743034887931,1148.990026716356,1104.572045110503,1136.764160400895,515089
2023-08-09 00:00:00+00:00,1136.764160400895,1172.238627865994,1133.8837609630118,1157.516861718827,1749059
2023-08-10 00:00:00+00:00,1157.516861718827,1183.0501442974683,1154.098607863652,1177.0571206702282,958795
2023-08-11 00:00:00+00:00,1177.0571206702282,1192.7755875385708,1165.6846150507056,1174.2166235703048,1885514
2023-08-14 00:00:00+00:00,1174.2166235703048,1248.482355725219,1157.36674901769,1232.6558037696523,4927895
2023-08-15 00:00:00+00:00,1232.6558037696523,1259.2978348199213,1219.8097900230262,1239.9997104360702,4935696
2023-08-16 00:00:00+00:00,1239.9997104360702,1259.4146547210235,1224.7485130154232,1238.9219176469926,3774335
2023-08-17 00:00:00+00:00,1238.9219176469926,1254.7490237317375,1215.4672400220043,1230.159600998031,4604395
2023-08-18 00:00:00+00:00,1230.159600998031,1259.4869290049648,1218.1082271881903,1247.262855315542,4751368
2023-08-21 00:00:00+00:00,1247.262855315542,1271.7869383484588,1233.584486917946,1266.771187821076,1654771
2023-08-22 00:00:00+00:00,1266.771187821076,1284.8141278767177,1251.520684795396,1269.7151131340984,4045826
2023-08-23 00:00:00+00:00,1269.7151131340984,1271.0642411302993,1251.4133093889407,1263.041791561686,4338257
2023-08-24 00:00:00+00:00,1263.041791561686,1285.5451355126986,1239.133114093661,1252.2611406661713,2408528
2023-08-25 00:00:00+00:00,1252.2611406661713,1287.957639190258,1239.5960309785903,1273.050393931042,4951719
2023-08-28 00:00:00+00:00,1273.050393931042,1329.2026126984751,1254.828680198165,1319.7601353950688,3040303
2023-08-29 00:00:00+00:00,1319.7601353950688,1338.3642377175668,1290.6630316366136,1306.0308799996003,4214513
2023-08-30 00:00:00+00:00,1306.0308799996003,1316.1696592891901,1276.3191427169854,1278.2313871931494,2229319
2023-08-31 00:00:00+00:00,1278.2313871931494,1291.7970071941238,1244.8269272043683,1260.0517298428772,802759
2023-09-01 00:00:00+00:00,1260.0517298428772,1288.7013635269402,1241.631047189406,1278.9730800293564,3216946
2023-09-04 00:00:00+00:00,1278.9730800293564,1299.9756540144033,1253.2923836187715,1262.6124513929394,2626978
2023-09-05 00:00:00+00:00,1262.6124513929394,1277.5730062906653,1258.5233249931034,1267.7237060313,4043959
2023-09-06 00:00:00+00:00,1267.7237060313,1301.76100135322,1257.7426078264182,1296.4891233145927,4167594
2023-09-07 00:00:00+00:00,1296.4891233145927,1300.8305855118656,1261.5850048454336,1275.9397097661038,610758
2023-09-08 00:00:00+00:00,1275.9397097661038,1298.1864139652687,1254.9839723432535,1274.2213093165267,589778
2023-09-11 00:00:00+00:00,1274.2213093165267,1296.3882835278048,1253.0038015214514,1273.5181144381083,566882
2023-09-12 00:00:00+00:00,1273.5181144381083,1295.5790037794573,1270.6891484916798,1285.585396804923,3760939
2023-09-13 00:00:00+00:00,1285.585396804923,1312.8842849617388,1280.0778798382862,1301.7721420643918,2779977
2023-09-14 00:00:00+00:00,1301.7721420643918,1320.9480545523725,1255.5390371218525,1263.9772971365676,3103815
2023-09-15 00:00:00+00:00,1263.9772971365676,1293.635076714408,1259.2155716471211,1282.342411601053,2197448
2023-09-18 00:00:00+00:00,1282.342411601053,1294.644995274285,1262.459948830866,1271.2014054047772,3034913
2023-09-19 00:00:00+00:00,1271.2014054047772,1283.4246825276384,1230.2593812602222,1242.7426301389573,2633984
2023-09-20 00:00:00+00:00,1242.7426301389573,1257.7978548911365,1222.4441639195154,1244.1961196575571,2966129
2023-09-21 00:00:00+00:00,1244.1961196575571,1256.3139739238702,1240.3947252828468,1246.3870355943939,4923682
2023-09-22 00:00:00+00:00,1246.3870355943939,1274.4558362316045,1242.1025340626672,1268.4910973750523,2920407
2023-09-25 00:00:00+00:00,1268.4910973750523,1280.9811345863968,1231.2699261826333,1251.9942299130635,3212940
2023-09-26 00:00:00+00:00,1251.9942299130635,1299.9662056628006,1250.46274480321,1278.141293275633,2561307
2023-09-27 00:00:00+00:00,1278.141293275633,1311.351773679362,1266.874115400208,1289.5731399307442,4243914
2023-09-28 00:00:00+00:00,1289.5731399307442,1297.4713521866993,1274.7671923155506,1278.8341651831397,686538
2023-09-29 00:00:00+00:00,1278.8341651831397,1302.6313448351643,1259.9984942664437,1284.5689349191446,3918915
2023-10-02 00:00:00+00:00,1284.5689349191446,1305.2647091064048,1267.5760478447244,1298.9601746904273,4003942
2023-10-03 00:00:00+00:00,1298.9601746904273,1329.7832880825904,1289.4573921819406,1318.1779336423185,789477
2023-10-04 00:00:00+00:00,1318.1779336423185,1339.7614054576086,1308.937045792294,1319.8558575390539,1243231
2023-10-05 00:00:00+00:00,1319.8558575390539,1330.6211695193224,1303.416951631997,1322.9490211679672,3575727
2023-10-06 00:00:00+00:00,1322.9490211679672,1369.2218901881804,1310.3675535745883,1349.213053903896,2563524
2023-10-09 00:00:00+00:00,1349.213053903896,1383.2581843049306,1333.3192447445244,1360.140014795953,4973255
2023-10-10 00:00:00+00:00,1360.140014795953,1372.6972329412586,1316.6815563744065,1339.3996587593197,4393587
2023-10-11 00:00:00+00:00,1339.3996587593197,1343.127838694036,1297.3744975379545,1316.709899185845,3535042
2023-10-12 00:00:00+00:00,1316.709899185845,1349.6962988860485,1313.552944034967,1327.1572985886055,1828120
2023-10-13 00:00:00+00:00,1327.1572985886055,1341.7729300687981,1318.0246273749742,1337.2098576823087,2750576
2023-10-16 00:00:00+00:00,1337.2098576823087,1354.9792880238817,1317.5432687936805,1329.7025514114623,3161837
2023-10-17 00:00:00+00:00,1329.7025514114623,1362.6360696153865,1323.1355941482443,1341.4429546458346,3772438
2023-10-18 00:00:00+00:00,1341.4429546458346,1376.2866186937877,1339.268499645517,1355.4261576058625,3175983
2023-10-19 00:00:00+00:00,1355.4261576058625,1376.35735512761,1305.834497694907,1331.8862969154882,1015702
2023-10-20 00:00:00+00:00,1331.8862969154882,1377.9414347791394,1308.1566435480786,1373.5754054222698,4616112
2023-10-23 00:00:00+00:00,1373.5754054222698,1375.6058010906916,1359.918554265888,1363.0000009264293,3241597
2023-10-24 00:00:00+00:00,1363.0000009264293,1382.313702590631,1357.9935775458257,1372.70169163062,708095
2023-10-25 00:00:00+00:00,1372.70169163062,1391.6955866584922,1316.2826985730355,1338.1825474032833,2303766
2023-10-26 00:00:00+00:00,1338.1825474032833,1362.743636678165,1290.786870852726,1305.7847175117893,3096294
2023-10-27 00:00:00+00:00,1305.7847175117893,1307.3022414343502,1281.22515533798,1286.4197326355386,3020668
2023-10-30 00:00:00+00:00,1286.4197326355386,1308.0596812574236,1230.2785577544948,1253.5556334413566,3059835
2023-10-31 00:00:00+00:00,1253.5556334413566,1265.6733677921893,1220.1439185514014,1235.0064381787067,4959725
2023-11-01 00:00:00+00:00,1235.0064381787067,1252.028474811587,1233.4835220813852,1235.3631455637194,1256537
2023-11-02 00:00:00+00:00,1235.3631455637194,1247.775271000389,1219.93811234533,1226.7928132764034,2890804
2023-11-03 00:00:00+00:00,1226.7928132764034,1243.2388908675157,1223.4313819625288,1237.2978540643721,2023326
2023-11-06 00:00:00+00:00,1237.2978540643721,1260.8861360238857,1230.5177887230916,1249.5372160672766,1983498
2023-11-07 00:00:00+00:00,1249.5372160672766,1253.4983488081914,1226.2352807567404,1240.5788793209633,2901875
2023-11-08 00:00:00+00:00,1240.5788793209633,1262.2423662908723,1196.5668830776672,1219.5593512333803,942774
2023-11-09 00:00:00+00:00,1219.5593512333803,1244.6607586549783,1208.0731030357917,1234.7087189592785,2160891
2023-11-10 00:00:00+00:00,1234.7087189592785,1258.0571782150607,1202.0997552008243,1213.0134513641258,3654143
2023-11-13 00:00:00+00:00,1213.0134513641258,1226.3435261209797,1192.8265053396688,1217.7695735971024,2980050
2023-11-14 00:00:00+00:00,1217.7695735971024,1225.8279475249115,1216.4626624986063,1221.1207256856978,1184870
2023-11-15 00:00:00+00:00,1221.1207256856978,1254.7210379433216,1211.1079496615578,1237.6386901056048,4519334
2023-11-16 00:00:00+00:00,1237.6386901056048,1252.8382436658621,1186.4140541591405,1207.4755820650064,2998863
2023-11-17 00:00:00+00:00,1207.4755820650064,1241.653903351004,1197.2480332675036,1228.682657397435,3575114
2023-11-20 00:00:00+00:00,1228.682657397435,1272.5394372256055,1213.1604582933287,1248.0273864943906,1155088
2023-11-21 00:00:00+00:00,1248.0273864943906,1274.972356624619,1228.724383421412,1254.1173766756244,1559271
2023-11-22 00:00:00+00:00,1254.1173766756244,1264.6756114659884,1243.8709794846204,1254.9368173640908,2469627
2023-11-23 00:00:00+00:00,1254.9368173640908,1297.9066456937517,1234.4828327710898,1272.7908525424289,2013897
2023-11-24 00:00:00+00:00,1272.7908525424289,1280.9757492195345,1201.5824542946466,1222.4203596682912,2866016
2023-11-27 00:00:00+00:00,1222.4203596682912,1271.234034597574,1216.585306528458,1247.389066682291,2214456
2023-11-28 00:00:00+00:00,1247.389066682291,1263.031938199486,1239.2530745945442,1240.5911675668149,1972330
2023-11-29 00:00:00+00:00,1240.5911675668149,1271.4248854715129,1236.9435648098633,1249.4805839718367,1723188
2023-11-30 00:00:00+00:00,1249.4805839718367,1251.8017996400254,1200.0998737329505,1215.443008174255,586850
2023-12-01 00:00:00+00:00,1215.443008174255,1220.083078483654,1195.0654839043937,1205.9026762534918,4016694
2023-12-04 00:00:00+00:00,1205.9026762534918,1232.9665563930998,1192.191352053618,1211.5147859454698,1823837
2023-12-05 00:00:00+00:00,1211.5147859454698,1221.5706767595943,1161.9404107482044,1175.1548471040119,3296890
2023-12-06 00:00:00+00:00,1175.1548471040119,1217.5184048129022,1161.9713004501948,1202.5783092544477,4002876
2023-12-07 00:00:00+00:00,1202.5783092544477,1239.8572316373857,1198.3753326081328,1221.106477265078,1727107
2023-12-08 00:00:00+00:00,1221.106477265078,1259.2763918299759,1212.6293011654332,1249.928006112444,3060659
2023-12-11 00:00:00+00:00,1249.928006112444,1276.6137354072516,1241.027200845334,1264.412775635776,4356055
2023-12-12 00:00:00+00:00,1264.412775635776,1277.051792903302,1252.5543785845798,1273.6021856535401,3198001
2023-12-13 00:00:00+00:00,1273.6021856535401,1278.3875185091722,1263.3029312984988,1265.526724638886,2707921
2023-12-14 00:00:00+00:00,1265.526724638886,1289.578992155931,1252.3044372809138,1270.5894820944395,1728531
2023-12-15 00:00:00+00:00,1270.5894820944395,1287.0956071867304,1253.83436209991,1272.3289650399004,2950406
2023-12-18 00:00:00+00:00,1272.3289650399004,1330.7123770740018,1250.7319799227275,1306.8352877415275,3318103
2023-12-19 00:00:00+00:00,1306.8352877415275,1323.5733805518198,1266.4601822325894,1284.3191878140235,1064165
2023-12-20 00:00:00+00:00,1284.3191878140235,1299.6310196509237,1272.8266597318573,1284.6865722535163,3290255
2023-12-21 00:00:00+00:00,1284.6865722535163,1294.3270094068016,1273.0451670948999,1284.5218319783692,1715109
2023-12-22 00:00:00+00:00,1284.5218319783692,1306.476722046081,1268.0654560840637,1287.0923487643015,1369328
2023-12-25 00:00:00+00:00,1287.0923487643015,1308.019918128009,1256.6453595267906,1273.0190621940658,4784977
2023-12-26 00:00:00+00:00,1273.0190621940658,1292.3113299896165,1266.7318303014556,1285.35760309066,4190750
2023-12-27 00:00:00+00:00,1285.35760309066,1302.5608759513793,1260.7079678857306,1296.685494753819,2867084
2023-12-28 00:00:00+00:00,1296.685494753819,1313.9769079957946,1264.4714097649758,1272.9385315487027,1678658
2023-12-29 00:00:00+00:00,1272.9385315487027,1281.3585289772407,1221.140272882698,1236.9625221831564,4837094
